Driver_ID,Name,Degree,Degree_Centrality,Betweenness_Centrality,Eigenvector_Centrality
6,Nakajima,97,0.1127906976744186,0.008981509628465266,0.24316805334267785
1,Hamilton,80,0.09302325581395349,0.0051655800657718545,0.2211739499343832
32,Klien,74,0.08604651162790697,0.0035462789961662887,0.21592507832260335
66,McNish,67,0.07790697674418605,0.002208249875915257,0.182223021750653
25,Wurz,61,0.07093023255813953,0.0018716457739084323,0.18503904254378775
34,Ide,61,0.07093023255813953,0.0024339578895065314,0.18782372615759219
37,de la Rosa,55,0.06395348837209303,0.001913603615071719,0.16824773939008303
3,Rosberg,54,0.06279069767441861,0.0011039454551329882,0.1594524008952855
105,Alboreto,53,0.06162790697674418,0.00817733719377531,0.12254425237366467
26,Speed,52,0.06046511627906977,0.001203898813320025,0.17429258949086934
170,Fabi,52,0.06046511627906977,0.0016509088393231164,0.1301109098015511
167,Campos,52,0.06046511627906977,0.0018670087054085873,0.1490446444901251
172,Laffite,51,0.05930232558139535,0.0023313529377077574,0.14107269715687507
27,Albers,51,0.05930232558139535,0.000636281625925825,0.16055069475683345
63,Salo,46,0.053488372093023255,0.0008830980951019803,0.15492285969951133
17,Webber,45,0.05232558139534883,0.0018025882107612406,0.11760043886761873
4,Alonso,44,0.05116279069767442,0.0008267001971583771,0.12343829139716463
176,Surer,43,0.05,0.006403787872293492,0.1315437217568381
21,Fisichella,42,0.04883720930232558,0.00030072684093619304,0.13753366065721054
58,Marques,41,0.04767441860465116,0.0005328468396274463,0.14455584996939497
18,Button,40,0.046511627906976744,0.0011394735513361105,0.10753202810487993
15,Trulli,40,0.046511627906976744,0.0007606533918248556,0.10953119885896462
22,Barrichello,37,0.043023255813953484,0.000256570612892446,0.11798486553754538
51,Wilson,37,0.043023255813953484,0.0009200147982272046,0.13004472532964567
87,Blundell,36,0.04186046511627907,0.000746611814906573,0.10211240068214143
57,Häkkinen,33,0.03837209302325581,0.00015667385188479773,0.13391238780102524
45,Pantano,32,0.037209302325581395,0.00016597171597746127,0.10701226791221566
54,Burti,31,0.03604651162790698,0.0003960282715174902,0.11925116151418569
180,Berg,31,0.03604651162790698,0.00028415109661323934,0.11457079643560443
113,Adams,30,0.03488372093023256,0.005974588082744959,0.0099705301141395
191,Thackwell,29,0.033720930232558136,0.0014251064848194326,0.09281973120412766
80,Sospiri,29,0.033720930232558136,0.0002785947550206593,0.10310872932900084
182,Lauda,29,0.033720930232558136,0.0011972615230989158,0.1110489374378892
59,Bernoldi,27,0.031395348837209305,0.00013223064704730408,0.11097341390585895
183,Hesnault,27,0.031395348837209305,0.0001744669512330709,0.10066213374546029
200,Mass,26,0.030232558139534883,0.0001517361861894168,0.09672289193936003
187,Watson,26,0.030232558139534883,0.00015457589597219797,0.09355450126198138
181,Winkelhock,26,0.030232558139534883,0.00011804293189751105,0.10170246800149778
117,Prost,25,0.029069767441860465,0.0004914588178560044,0.07662028051234454
82,Fontana,25,0.029069767441860465,0.00011565747287984605,0.09943605316197225
11,Sato,25,0.029069767441860465,0.00023825883828103102,0.09222860087876034
53,Kiesa,24,0.027906976744186046,9.453550262712489e-05,0.09136228585608666
64,Diniz,24,0.027906976744186046,7.158948227025159e-05,0.09753325335001478
29,Yamamoto,24,0.027906976744186046,4.5410853231341165e-05,0.08989293540109798
131,Modena,23,0.026744186046511628,0.00020811152901533894,0.08104707667880579
39,Karthikeyan,23,0.026744186046511628,0.00010153269332610493,0.0767620781969978
95,Mansell,22,0.02558139534883721,0.000247139671889426,0.0744426660253009
118,Warwick,21,0.02441860465116279,0.00010851899541761786,0.06607711816288403
125,Naspetti,21,0.02441860465116279,5.834641322391261e-05,0.06336132798213688
55,Alesi,21,0.02441860465116279,7.847235246432783e-06,0.09642020587788463
81,Morbidelli,20,0.023255813953488372,5.5957860200122395e-05,0.07990972851737545
42,Pizzonia,19,0.022093023255813953,8.109278415563074e-05,0.05575049421933122
128,van de Poele,19,0.022093023255813953,8.334303960922809e-05,0.055709589505269705
46,Bruni,19,0.022093023255813953,4.767098096838215e-05,0.06459671973492902
16,Sutil,18,0.020930232558139535,0.00011660967856319311,0.06707479547439722
114,Dalmas,18,0.020930232558139535,0.0017065836563409224,0.009666331964555045
204,Paletti,18,0.020930232558139535,2.560491557821782e-05,0.07917410834801333
10,Glock,17,0.019767441860465116,0.00016084452639269736,0.045835529456048754
48,Gené,17,0.019767441860465116,2.789376206708892e-05,0.056430080290418835
195,Guerrero,17,0.019767441860465116,6.218637657526894e-05,0.0648206456874239
33,Monteiro,17,0.019767441860465116,4.426866044019118e-05,0.062814419313677
7,Bourdais,16,0.018604651162790697,0.0002724249860457026,0.05332339451845841
78,Larini,16,0.018604651162790697,2.7081779105099484e-05,0.06690388126512978
35,Villeneuve,16,0.018604651162790697,6.051319045888176e-06,0.06545819559142207
56,Irvine,16,0.018604651162790697,2.576544306065163e-05,0.06720401067556137
9,Kubica,16,0.018604651162790697,5.5416643627474945e-05,0.04115748955947693
24,Liuzzi,16,0.018604651162790697,2.3658680560584022e-05,0.06415452052495182
49,Frentzen,16,0.018604651162790697,1.2283424211940934e-05,0.06074397523730412
141,Bailey,16,0.018604651162790697,3.4393682111324794e-06,0.05314514633490677
133,Caffi,16,0.018604651162790697,1.1199586049297635e-05,0.053061780899488056
107,Ratzenberger,15,0.01744186046511628,0.0015980921399026,0.013775899452149352
19,Davidson,15,0.01744186046511628,1.676359013950913e-05,0.060552518482277044
110,de Cesaris,15,0.01744186046511628,0.0010388390156551922,0.009685974394200323
20,Vettel,15,0.01744186046511628,1.8002211025312965e-05,0.052361154661937644
154,Grosjean,15,0.01744186046511628,7.2874233441168e-05,0.040354581236983954
75,Nakano,15,0.01744186046511628,4.741083005252307e-05,0.06460897817644005
67,Buemi,15,0.01744186046511628,8.417031710149263e-06,0.06422569370453791
164,Winkelhock,15,0.01744186046511628,0.00010199249390891279,0.03467278714550632
28,Winkelhock,15,0.01744186046511628,5.0758025927951176e-05,0.05018585996803246
189,Gartner,15,0.01744186046511628,2.971907733299567e-05,0.05537975059679196
190,Fabi,15,0.01744186046511628,3.308859083860177e-05,0.053877293481973496
194,Salazar,15,0.01744186046511628,2.2409831987815066e-05,0.05081378000306118
99,Tarquini,15,0.01744186046511628,5.094666655355061e-05,0.04775141436981328
144,Hattori,14,0.01627906976744186,0.0006993803642993026,0.04756399671661185
52,Firman,13,0.015116279069767442,5.008520883707591e-06,0.0526933183972458
86,Lavaggi,13,0.015116279069767442,6.134397234583347e-05,0.0557249754542251
130,Chiesa,12,0.013953488372093023,0.0,0.04604400424850112
102,Senna,12,0.013953488372093023,4.922386274418112e-07,0.041346776605234684
5,Kovalainen,12,0.013953488372093023,3.24973459208501e-05,0.03212695788717325
44,Panis,12,0.013953488372093023,7.9536915087114e-06,0.03876024422203932
50,Verstappen,12,0.013953488372093023,3.591128024254443e-06,0.052420230429364174
2,Heidfeld,11,0.012790697674418604,8.362936281394392e-06,0.03546648855540766
151,Donnelly,11,0.012790697674418604,0.0,0.03689680252850466
202,Pironi,11,0.012790697674418604,5.578402429798049e-06,0.04098661060040206
199,Reutemann,10,0.011627906976744186,3.0154971026723803e-06,0.04501631088177468
129,Grouillard,10,0.011627906976744186,2.7922870876451436e-05,0.0017475144819819432
214,Cogan,10,0.011627906976744186,5.8506338906671795e-05,0.028347393470813116
203,Villeneuve,10,0.011627906976744186,0.0,0.04007999081696202
208,de Villota,10,0.011627906976744186,0.00011512611117158151,0.032815442426441924
23,Schumacher,9,0.010465116279069767,4.016342646984009e-07,0.037119032852383466
205,Henton,9,0.010465116279069767,1.0677856250794177e-05,0.02340900867964297
139,Pirro,9,0.010465116279069767,0.0002380306828954051,0.009407933102844653
60,Mazzacane,9,0.010465116279069767,0.0005280851816049266,0.034372786962649164
70,Zanardi,9,0.010465116279069767,2.7825381997828145e-06,0.03942911068744724
31,Pablo Montoya,9,0.010465116279069767,7.106338290937591e-06,0.02960362203752994
210,Byrne,9,0.010465116279069767,5.966051029003477e-06,0.03190844662282495
92,Gachot,9,0.010465116279069767,8.677283496570389e-07,0.02993543795881253
30,Schumacher,9,0.010465116279069767,1.000297031381422e-05,0.021931792503698578
207,Andretti,8,0.009302325581395349,5.80609305797513e-05,0.017837900572995693
211,Keegan,8,0.009302325581395349,3.384140563662452e-07,0.02489785256597961
79,Katayama,8,0.009302325581395349,4.4613989922070105e-05,0.03036991858221738
213,Gabbiani,8,0.009302325581395349,3.1816806967273733e-06,0.020152654588448858
135,McCarthy,8,0.009302325581395349,0.00018149395468796458,0.005713268818833475
171,Forini,8,0.009302325581395349,5.8487026477587996e-05,0.03090935620022585
38,Doornbos,8,0.009302325581395349,0.0,0.02401649322497168
36,Montagny,7,0.00813953488372093,1.9783509240203595e-06,0.02462496627233253
138,Nakajima,7,0.00813953488372093,5.053649908402594e-06,0.0010300307302186856
12,Piquet Jr.,7,0.00813953488372093,1.6968138899917814e-05,0.009934432643114824
185,Bellof,7,0.00813953488372093,3.644567973786181e-05,0.019744475278019185
198,Villeneuve Sr.,7,0.00813953488372093,0.0,0.028023589259273302
134,Bertaggia,7,0.00813953488372093,5.5951123985885866e-06,0.0010274844885320865
40,Friesacher,7,0.00813953488372093,8.73361186817482e-06,0.027339015248225847
104,Fittipaldi,7,0.00813953488372093,0.0,0.03172431364514543
106,Beretta,6,0.0069767441860465115,0.0,0.02622495510354909
41,Zonta,6,0.0069767441860465115,1.692070281831226e-07,0.027704885216916816
94,Martini,6,0.0069767441860465115,1.0686118145964605e-05,0.025051991620738172
174,Dumfries,6,0.0069767441860465115,0.0005279259279313425,0.020816981711267404
150,Brabham,6,0.0069767441860465115,1.2182906029184826e-06,0.001415299392360815
100,Comas,6,0.0069767441860465115,0.0,0.022782093019373575
196,Boesel,6,0.0069767441860465115,1.011933571711743e-06,0.02441296331315188
108,Belmondo,6,0.0069767441860465115,5.3708508833514445e-06,0.001127403906883871
83,Lamy,6,0.0069767441860465115,0.0,0.024761672492760494
201,Borgudd,6,0.0069767441860465115,3.134509622016248e-07,0.029829521621836157
188,Cecotto,6,0.0069767441860465115,0.0,0.020054469236410112
73,Rosset,6,0.0069767441860465115,0.0,0.03173888332047324
127,Gugelmin,6,0.0069767441860465115,8.704419728596028e-06,0.008195903873523246
215,Guerra,6,0.0069767441860465115,0.0,0.014546347806129978
8,Räikkönen,5,0.005813953488372093,2.8649460113845415e-06,0.01036378708722266
77,Berger,5,0.005813953488372093,0.0,0.022079320911984786
209,Lees,5,0.005813953488372093,2.163798966462962e-06,0.010000124481244984
119,Patrese,5,0.005813953488372093,0.00021079901736456244,0.0044183360019470425
74,Tuero,5,0.005813953488372093,0.0,0.025531386016400617
97,Papis,5,0.005813953488372093,0.0,0.01916080602827683
169,Fabre,4,0.004651162790697674,0.0,0.016370725529380115
166,Streiff,4,0.004651162790697674,2.9181522103094448e-06,0.00645391510653695
197,Jarier,4,0.004651162790697674,0.0,0.020387948987877425
14,Coulthard,4,0.004651162790697674,1.1778567156643339e-06,0.007462620527710696
13,Massa,4,0.004651162790697674,1.1778567156643339e-06,0.007462620527710696
175,Tambay,4,0.004651162790697674,0.0,0.01972368066066433
206,Daly,4,0.004651162790697674,2.5514368855733885e-06,0.00600678029180837
91,Wendlinger,4,0.004651162790697674,0.0,0.013165333219878105
184,Baldi,4,0.004651162790697674,0.0,0.00805374584200935
132,Amati,4,0.004651162790697674,2.0041462864715255e-05,0.012749018074461443
116,Lagorce,4,0.004651162790697674,9.024374836433205e-07,0.0007997752491414515
149,Langes,4,0.004651162790697674,0.0,0.0004241640128136455
109,Järvilehto,4,0.004651162790697674,4.131339218586344e-06,0.0008814994531911885
84,Brundle,4,0.004651162790697674,0.0,0.017866123486592993
65,Herbert,4,0.004651162790697674,0.0,0.020988773081432932
143,Bartels,4,0.004651162790697674,0.0,0.0009344270554960125
89,Inoue,4,0.004651162790697674,0.0,0.00805374584200935
111,Gounon,3,0.0034883720930232558,0.0,0.0007803950093946524
120,Barbazza,3,0.0034883720930232558,0.0,0.000629156979661866
62,Yoong,3,0.0034883720930232558,0.0,0.015425428711856292
112,Alliot,3,0.0034883720930232558,0.0,0.00047011659819453327
147,Barilla,3,0.0034883720930232558,0.0005279259279313425,0.008955423023940368
148,Foitek,3,0.0034883720930232558,0.0,0.008948041406957014
47,Baumgartner,3,0.0034883720930232558,0.0,0.013618940802648848
160,Ghinzani,3,0.0034883720930232558,0.0,0.0007657270447910356
157,Danner,3,0.0034883720930232558,0.0,0.0009026942705881772
136,Lammers,3,0.0034883720930232558,0.0,0.0010291718317352648
85,Montermini,3,0.0034883720930232558,0.0,0.006473185948364408
193,Sullivan,3,0.0034883720930232558,0.0,0.006473185948364407
156,Palmer,3,0.0034883720930232558,0.0,0.0010285726396124257
126,Suzuki,2,0.002325581395348837,0.0,0.010625776503074025
72,Sarrazin,2,0.002325581395348837,0.0,0.010461124404054245
137,Piquet,2,0.002325581395348837,0.0,0.004023878514842932
68,Takagi,2,0.002325581395348837,0.0,0.00611176940870337
115,Noda,2,0.002325581395348837,0.0,0.0006051215566451591
162,Raphanel,2,0.002325581395348837,0.0,0.00036077737814020654
101,Brabham,2,0.002325581395348837,0.0,0.00772967581451291
163,Arnoux,2,0.002325581395348837,0.0,0.007773290519769363
96,Boullion,2,0.002325581395348837,0.0,0.008591361246803816
146,Schneider,2,0.002325581395348837,0.0,0.006295524147062193
121,Andretti,1,0.0011627906976744186,0.0,0.0003069496505793022
122,Capelli,1,0.0011627906976744186,0.0,0.0003069496505793022
123,Boutsen,1,0.0011627906976744186,0.0,0.007483034993480934
124,Apicella,1,0.0011627906976744186,0.0,0.00377158385262628
71,Hill,1,0.0011627906976744186,0.0,0.0034173792401459165
61,Enge,1,0.0011627906976744186,0.0,0.0010576838884594686
186,Acheson,1,0.0011627906976744186,0.0,0.00458693430491982
90,Moreno,1,0.0011627906976744186,0.0,0.0028565883633098507
140,Johansson,1,0.0011627906976744186,0.0,0.0014639056653119947
159,Pérez-Sala,1,0.0011627906976744186,0.0,0.0003069496505793022
179,Rothengatter,1,0.0011627906976744186,0.0,0.0006406991823457682
142,Chaves,1,0.0011627906976744186,0.0,0.0003069496505793022
145,Nannini,1,0.0011627906976744186,0.0,0.0002756035834601326
168,Schlesser,1,0.0011627906976744186,0.0,0.007483034993480934
648,Kling,0,0.0,0.0,1.7191547804409983e-18
651,Macklin,0,0.0,0.0,1.7191547804409983e-18
635,Chapman,0,0.0,0.0,1.7191547804409983e-18
636,Titterington,0,0.0,0.0,1.7191547804409983e-18
650,Pollet,0,0.0,0.0,1.7191547804409983e-18
637,Scott Brown,0,0.0,0.0,1.7191547804409983e-18
638,Volonterio,0,0.0,0.0,1.7191547804409983e-18
649,Birger,0,0.0,0.0,1.7191547804409983e-18
646,Iglesias,0,0.0,0.0,1.7191547804409983e-18
647,Ascari,0,0.0,0.0,1.7191547804409983e-18
633,Villoresi,0,0.0,0.0,1.7191547804409983e-18
639,Milhoux,0,0.0,0.0,1.7191547804409983e-18
645,Bucci,0,0.0,0.0,1.7191547804409983e-18
644,Mantovani,0,0.0,0.0,1.7191547804409983e-18
643,Mieres,0,0.0,0.0,1.7191547804409983e-18
642,Farina,0,0.0,0.0,1.7191547804409983e-18
640,de Graffenried,0,0.0,0.0,1.7191547804409983e-18
641,Taruffi,0,0.0,0.0,1.7191547804409983e-18
634,Scotti,0,0.0,0.0,1.7191547804409983e-18
627,Rosier,0,0.0,0.0,1.7191547804409983e-18
632,Frère,0,0.0,0.0,1.7191547804409983e-18
631,Andrews,0,0.0,0.0,1.7191547804409983e-18
615,Agabashian,0,0.0,0.0,1.7191547804409983e-18
616,George,0,0.0,0.0,1.7191547804409983e-18
617,MacDowel,0,0.0,0.0,1.7191547804409983e-18
618,MacKay-Fraser,0,0.0,0.0,1.7191547804409983e-18
619,Gerard,0,0.0,0.0,1.7191547804409983e-18
620,Maglioli,0,0.0,0.0,1.7191547804409983e-18
621,England,0,0.0,0.0,1.7191547804409983e-18
622,Landi,0,0.0,0.0,1.7191547804409983e-18
623,Uria,0,0.0,0.0,1.7191547804409983e-18
624,da Silva Ramos,0,0.0,0.0,1.7191547804409983e-18
625,Bayol,0,0.0,0.0,1.7191547804409983e-18
626,Manzon,0,0.0,0.0,1.7191547804409983e-18
653,Davies,0,0.0,0.0,1.7191547804409983e-18
693,Wacker,0,0.0,0.0,1.7191547804409983e-18
628,Sweikert,0,0.0,0.0,1.7191547804409983e-18
629,Griffith,0,0.0,0.0,1.7191547804409983e-18
630,Dinsmore,0,0.0,0.0,1.7191547804409983e-18
652,Whiteaway,0,0.0,0.0,1.7191547804409983e-18
674,Crockett,0,0.0,0.0,1.7191547804409983e-18
654,Faulkner,0,0.0,0.0,1.7191547804409983e-18
655,Niday,0,0.0,0.0,1.7191547804409983e-18
675,Ayulo,0,0.0,0.0,1.7191547804409983e-18
691,Lang,0,0.0,0.0,1.7191547804409983e-18
690,Nuckey,0,0.0,0.0,1.7191547804409983e-18
689,Brown,0,0.0,0.0,1.7191547804409983e-18
679,McCoy,0,0.0,0.0,1.7191547804409983e-18
676,Armi,0,0.0,0.0,1.7191547804409983e-18
613,Teague,0,0.0,0.0,1.7191547804409983e-18
677,Webb,0,0.0,0.0,1.7191547804409983e-18
688,Brandon,0,0.0,0.0,1.7191547804409983e-18
678,Duncan,0,0.0,0.0,1.7191547804409983e-18
680,Swaters,0,0.0,0.0,1.7191547804409983e-18
681,Berger,0,0.0,0.0,1.7191547804409983e-18
687,Whitehead,0,0.0,0.0,1.7191547804409983e-18
682,Beauman,0,0.0,0.0,1.7191547804409983e-18
686,Parnell,0,0.0,0.0,1.7191547804409983e-18
683,Thorne,0,0.0,0.0,1.7191547804409983e-18
684,Whitehouse,0,0.0,0.0,1.7191547804409983e-18
692,Helfrich,0,0.0,0.0,1.7191547804409983e-18
685,Riseley-Prichard,0,0.0,0.0,1.7191547804409983e-18
673,Nazaruk,0,0.0,0.0,1.7191547804409983e-18
663,Wharton,0,0.0,0.0,1.7191547804409983e-18
656,Cross,0,0.0,0.0,1.7191547804409983e-18
657,Vukovich,0,0.0,0.0,1.7191547804409983e-18
658,McGrath,0,0.0,0.0,1.7191547804409983e-18
659,Hoyt,0,0.0,0.0,1.7191547804409983e-18
660,Claes,0,0.0,0.0,1.7191547804409983e-18
661,Walker,0,0.0,0.0,1.7191547804409983e-18
662,Sparken,0,0.0,0.0,1.7191547804409983e-18
664,McAlpine,0,0.0,0.0,1.7191547804409983e-18
672,Daponte,0,0.0,0.0,1.7191547804409983e-18
666,Rolt,0,0.0,0.0,1.7191547804409983e-18
665,Marr,0,0.0,0.0,1.7191547804409983e-18
667,Fitch,0,0.0,0.0,1.7191547804409983e-18
668,Lucas,0,0.0,0.0,1.7191547804409983e-18
669,Bira,0,0.0,0.0,1.7191547804409983e-18
670,Marimón,0,0.0,0.0,1.7191547804409983e-18
671,Loyer,0,0.0,0.0,1.7191547804409983e-18
614,Edmunds,0,0.0,0.0,1.7191547804409983e-18
560,Cheesbourg,0,0.0,0.0,1.7191547804409983e-18
612,Linden,0,0.0,0.0,1.7191547804409983e-18
549,Bueb,0,0.0,0.0,1.7191547804409983e-18
551,de Filippis,0,0.0,0.0,1.7191547804409983e-18
552,Lucienbonnet,0,0.0,0.0,1.7191547804409983e-18
553,Testut,0,0.0,0.0,1.7191547804409983e-18
555,Russo,0,0.0,0.0,1.7191547804409983e-18
556,Daywalt,0,0.0,0.0,1.7191547804409983e-18
557,Arnold,0,0.0,0.0,1.7191547804409983e-18
558,Keller,0,0.0,0.0,1.7191547804409983e-18
559,Flaherty,0,0.0,0.0,1.7191547804409983e-18
561,Crawford,0,0.0,0.0,1.7191547804409983e-18
562,Turner,0,0.0,0.0,1.7191547804409983e-18
563,Weyant,0,0.0,0.0,1.7191547804409983e-18
564,Larson,0,0.0,0.0,1.7191547804409983e-18
565,Magill,0,0.0,0.0,1.7191547804409983e-18
566,Shelby,0,0.0,0.0,1.7191547804409983e-18
567,d'Orey,0,0.0,0.0,1.7191547804409983e-18
568,Fontes,0,0.0,0.0,1.7191547804409983e-18
569,Ashdown,0,0.0,0.0,1.7191547804409983e-18
550,de Changy,0,0.0,0.0,1.7191547804409983e-18
554,Behra,0,0.0,0.0,1.7191547804409983e-18
611,Hanks,0,0.0,0.0,1.7191547804409983e-18
532,Russo,0,0.0,0.0,1.7191547804409983e-18
536,Sutton,0,0.0,0.0,1.7191547804409983e-18
537,Rathmann,0,0.0,0.0,1.7191547804409983e-18
535,McWithey,0,0.0,0.0,1.7191547804409983e-18
538,Herman,0,0.0,0.0,1.7191547804409983e-18
534,Force,0,0.0,0.0,1.7191547804409983e-18
533,Boyd,0,0.0,0.0,1.7191547804409983e-18
539,Wilson,0,0.0,0.0,1.7191547804409983e-18
540,Taylor,0,0.0,0.0,1.7191547804409983e-18
541,Flockhart,0,0.0,0.0,1.7191547804409983e-18
542,Piper,0,0.0,0.0,1.7191547804409983e-18
543,Cabianca,0,0.0,0.0,1.7191547804409983e-18
544,Drogo,0,0.0,0.0,1.7191547804409983e-18
545,Gamble,0,0.0,0.0,1.7191547804409983e-18
546,Owen,0,0.0,0.0,1.7191547804409983e-18
547,Gould,0,0.0,0.0,1.7191547804409983e-18
695,Gálvez,0,0.0,0.0,1.7191547804409983e-18
548,Drake,0,0.0,0.0,1.7191547804409983e-18
570,Moss,0,0.0,0.0,1.7191547804409983e-18
571,Taylor,0,0.0,0.0,1.7191547804409983e-18
572,Blanchard,0,0.0,0.0,1.7191547804409983e-18
573,de Tomaso,0,0.0,0.0,1.7191547804409983e-18
594,Tolan,0,0.0,0.0,1.7191547804409983e-18
595,Garrett,0,0.0,0.0,1.7191547804409983e-18
596,Elisian,0,0.0,0.0,1.7191547804409983e-18
597,O'Connor,0,0.0,0.0,1.7191547804409983e-18
598,Unser,0,0.0,0.0,1.7191547804409983e-18
599,Bisch,0,0.0,0.0,1.7191547804409983e-18
600,Goethals,0,0.0,0.0,1.7191547804409983e-18
601,Gibson,0,0.0,0.0,1.7191547804409983e-18
602,La Caze,0,0.0,0.0,1.7191547804409983e-18
603,Guelfi,0,0.0,0.0,1.7191547804409983e-18
604,Picard,0,0.0,0.0,1.7191547804409983e-18
605,Bridger,0,0.0,0.0,1.7191547804409983e-18
606,de Portago,0,0.0,0.0,1.7191547804409983e-18
607,Perdisa,0,0.0,0.0,1.7191547804409983e-18
608,Castellotti,0,0.0,0.0,1.7191547804409983e-18
609,Simon,0,0.0,0.0,1.7191547804409983e-18
610,Leston,0,0.0,0.0,1.7191547804409983e-18
593,Parsons,0,0.0,0.0,1.7191547804409983e-18
592,Reece,0,0.0,0.0,1.7191547804409983e-18
591,Amick,0,0.0,0.0,1.7191547804409983e-18
581,Collins,0,0.0,0.0,1.7191547804409983e-18
574,Constantine,0,0.0,0.0,1.7191547804409983e-18
575,Said,0,0.0,0.0,1.7191547804409983e-18
576,Cade,0,0.0,0.0,1.7191547804409983e-18
577,Musso,0,0.0,0.0,1.7191547804409983e-18
578,Hawthorn,0,0.0,0.0,1.7191547804409983e-18
579,Fangio,0,0.0,0.0,1.7191547804409983e-18
580,Godia,0,0.0,0.0,1.7191547804409983e-18
590,Lewis-Evans,0,0.0,0.0,1.7191547804409983e-18
589,Chiron,0,0.0,0.0,1.7191547804409983e-18
582,Kavanagh,0,0.0,0.0,1.7191547804409983e-18
583,Gerini,0,0.0,0.0,1.7191547804409983e-18
584,Kessler,0,0.0,0.0,1.7191547804409983e-18
585,Emery,0,0.0,0.0,1.7191547804409983e-18
586,Piotti,0,0.0,0.0,1.7191547804409983e-18
587,Ecclestone,0,0.0,0.0,1.7191547804409983e-18
588,Taramazzo,0,0.0,0.0,1.7191547804409983e-18
694,de Riu,0,0.0,0.0,1.7191547804409983e-18
795,Fohr,0,0.0,0.0,1.7191547804409983e-18
696,Barber,0,0.0,0.0,1.7191547804409983e-18
802,Serafini,0,0.0,0.0,1.7191547804409983e-18
788,Fry,0,0.0,0.0,1.7191547804409983e-18
803,Cantrell,0,0.0,0.0,1.7191547804409983e-18
804,Mantz,0,0.0,0.0,1.7191547804409983e-18
805,Kladis,0,0.0,0.0,1.7191547804409983e-18
806,González,0,0.0,0.0,1.7191547804409983e-18
807,Hülkenberg,0,0.0,0.0,1.7191547804409983e-18
811,Senna,0,0.0,0.0,1.7191547804409983e-18
808,Petrov,0,0.0,0.0,1.7191547804409983e-18
810,di Grassi,0,0.0,0.0,1.7191547804409983e-18
812,Chandhok,0,0.0,0.0,1.7191547804409983e-18
814,di Resta,0,0.0,0.0,1.7191547804409983e-18
816,d'Ambrosio,0,0.0,0.0,1.7191547804409983e-18
813,Maldonado,0,0.0,0.0,1.7191547804409983e-18
815,Pérez,0,0.0,0.0,1.7191547804409983e-18
817,Ricciardo,0,0.0,0.0,1.7191547804409983e-18
818,Vergne,0,0.0,0.0,1.7191547804409983e-18
819,Pic,0,0.0,0.0,1.7191547804409983e-18
791,Biondetti,0,0.0,0.0,1.7191547804409983e-18
801,Pozzi,0,0.0,0.0,1.7191547804409983e-18
822,Bottas,0,0.0,0.0,1.7191547804409983e-18
800,Pagani,0,0.0,0.0,1.7191547804409983e-18
780,Branca,0,0.0,0.0,1.7191547804409983e-18
781,Richardson,0,0.0,0.0,1.7191547804409983e-18
783,Grignard,0,0.0,0.0,1.7191547804409983e-18
782,Jover,0,0.0,0.0,1.7191547804409983e-18
787,Harrison,0,0.0,0.0,1.7191547804409983e-18
784,Hampshire,0,0.0,0.0,1.7191547804409983e-18
785,Crossley,0,0.0,0.0,1.7191547804409983e-18
789,Martin,0,0.0,0.0,1.7191547804409983e-18
790,Johnson,0,0.0,0.0,1.7191547804409983e-18
793,Sommer,0,0.0,0.0,1.7191547804409983e-18
792,Pián,0,0.0,0.0,1.7191547804409983e-18
794,Chitwood,0,0.0,0.0,1.7191547804409983e-18
530,Weiler,0,0.0,0.0,1.7191547804409983e-18
796,Ader,0,0.0,0.0,1.7191547804409983e-18
797,Holmes,0,0.0,0.0,1.7191547804409983e-18
798,Levrett,0,0.0,0.0,1.7191547804409983e-18
799,Jackson,0,0.0,0.0,1.7191547804409983e-18
821,Gutiérrez,0,0.0,0.0,1.7191547804409983e-18
824,Bianchi,0,0.0,0.0,1.7191547804409983e-18
697,Bonetto,0,0.0,0.0,1.7191547804409983e-18
843,Hartley,0,0.0,0.0,1.7191547804409983e-18
845,Sirotkin,0,0.0,0.0,1.7191547804409983e-18
846,Norris,0,0.0,0.0,1.7191547804409983e-18
848,Albon,0,0.0,0.0,1.7191547804409983e-18
847,Russell,0,0.0,0.0,1.7191547804409983e-18
849,Latifi,0,0.0,0.0,1.7191547804409983e-18
851,Aitken,0,0.0,0.0,1.7191547804409983e-18
850,Fittipaldi,0,0.0,0.0,1.7191547804409983e-18
852,Tsunoda,0,0.0,0.0,1.7191547804409983e-18
854,Schumacher,0,0.0,0.0,1.7191547804409983e-18
853,Mazepin,0,0.0,0.0,1.7191547804409983e-18
855,Zhou,0,0.0,0.0,1.7191547804409983e-18
856,de Vries,0,0.0,0.0,1.7191547804409983e-18
858,Sargeant,0,0.0,0.0,1.7191547804409983e-18
857,Piastri,0,0.0,0.0,1.7191547804409983e-18
859,Lawson,0,0.0,0.0,1.7191547804409983e-18
860,Bearman,0,0.0,0.0,1.7191547804409983e-18
861,Colapinto,0,0.0,0.0,1.7191547804409983e-18
844,Leclerc,0,0.0,0.0,1.7191547804409983e-18
842,Gasly,0,0.0,0.0,1.7191547804409983e-18
820,Chilton,0,0.0,0.0,1.7191547804409983e-18
840,Stroll,0,0.0,0.0,1.7191547804409983e-18
823,van der Garde,0,0.0,0.0,1.7191547804409983e-18
825,Magnussen,0,0.0,0.0,1.7191547804409983e-18
826,Kvyat,0,0.0,0.0,1.7191547804409983e-18
828,Ericsson,0,0.0,0.0,1.7191547804409983e-18
827,Lotterer,0,0.0,0.0,1.7191547804409983e-18
829,Stevens,0,0.0,0.0,1.7191547804409983e-18
831,Nasr,0,0.0,0.0,1.7191547804409983e-18
832,Sainz,0,0.0,0.0,1.7191547804409983e-18
830,Verstappen,0,0.0,0.0,1.7191547804409983e-18
833,Merhi,0,0.0,0.0,1.7191547804409983e-18
834,Rossi,0,0.0,0.0,1.7191547804409983e-18
835,Palmer,0,0.0,0.0,1.7191547804409983e-18
836,Wehrlein,0,0.0,0.0,1.7191547804409983e-18
837,Haryanto,0,0.0,0.0,1.7191547804409983e-18
838,Vandoorne,0,0.0,0.0,1.7191547804409983e-18
839,Ocon,0,0.0,0.0,1.7191547804409983e-18
841,Giovinazzi,0,0.0,0.0,1.7191547804409983e-18
779,James,0,0.0,0.0,1.7191547804409983e-18
777,Fotheringham-Parker,0,0.0,0.0,1.7191547804409983e-18
776,Kelly,0,0.0,0.0,1.7191547804409983e-18
717,von Stuck,0,0.0,0.0,1.7191547804409983e-18
720,de Terra,0,0.0,0.0,1.7191547804409983e-18
719,Scherrer,0,0.0,0.0,1.7191547804409983e-18
721,Hirt,0,0.0,0.0,1.7191547804409983e-18
722,Carini,0,0.0,0.0,1.7191547804409983e-18
723,Fischer,0,0.0,0.0,1.7191547804409983e-18
725,Abecassis,0,0.0,0.0,1.7191547804409983e-18
724,Ulmen,0,0.0,0.0,1.7191547804409983e-18
726,Connor,0,0.0,0.0,1.7191547804409983e-18
727,Rigsby,0,0.0,0.0,1.7191547804409983e-18
728,James,0,0.0,0.0,1.7191547804409983e-18
729,Schindler,0,0.0,0.0,1.7191547804409983e-18
730,Fonder,0,0.0,0.0,1.7191547804409983e-18
731,Banks,0,0.0,0.0,1.7191547804409983e-18
732,McDowell,0,0.0,0.0,1.7191547804409983e-18
733,Miller,0,0.0,0.0,1.7191547804409983e-18
734,Ball,0,0.0,0.0,1.7191547804409983e-18
735,de Tornaco,0,0.0,0.0,1.7191547804409983e-18
718,Loof,0,0.0,0.0,1.7191547804409983e-18
716,Bauer,0,0.0,0.0,1.7191547804409983e-18
778,Shawe Taylor,0,0.0,0.0,1.7191547804409983e-18
715,Bechem,0,0.0,0.0,1.7191547804409983e-18
698,Cruz,0,0.0,0.0,1.7191547804409983e-18
699,Nalon,0,0.0,0.0,1.7191547804409983e-18
700,Scarborough,0,0.0,0.0,1.7191547804409983e-18
701,Holland,0,0.0,0.0,1.7191547804409983e-18
702,Scott,0,0.0,0.0,1.7191547804409983e-18
703,Legat,0,0.0,0.0,1.7191547804409983e-18
704,Cabantous,0,0.0,0.0,1.7191547804409983e-18
706,Stewart,0,0.0,0.0,1.7191547804409983e-18
707,Stewart,0,0.0,0.0,1.7191547804409983e-18
708,Hamilton,0,0.0,0.0,1.7191547804409983e-18
705,Crook,0,0.0,0.0,1.7191547804409983e-18
710,Krause,0,0.0,0.0,1.7191547804409983e-18
709,Klodwig,0,0.0,0.0,1.7191547804409983e-18
711,Karch,0,0.0,0.0,1.7191547804409983e-18
712,Heeks,0,0.0,0.0,1.7191547804409983e-18
713,Fitzau,0,0.0,0.0,1.7191547804409983e-18
714,Adolff,0,0.0,0.0,1.7191547804409983e-18
736,Laurent,0,0.0,0.0,1.7191547804409983e-18
737,O'Brien,0,0.0,0.0,1.7191547804409983e-18
738,Gaze,0,0.0,0.0,1.7191547804409983e-18
739,Montgomerie-Charrington,0,0.0,0.0,1.7191547804409983e-18
762,Rol,0,0.0,0.0,1.7191547804409983e-18
761,Crespo,0,0.0,0.0,1.7191547804409983e-18
760,Dusio,0,0.0,0.0,1.7191547804409983e-18
763,Sanesi,0,0.0,0.0,1.7191547804409983e-18
764,Mairesse,0,0.0,0.0,1.7191547804409983e-18
765,Louveau,0,0.0,0.0,1.7191547804409983e-18
766,Wallard,0,0.0,0.0,1.7191547804409983e-18
767,Forberg,0,0.0,0.0,1.7191547804409983e-18
768,Rose,0,0.0,0.0,1.7191547804409983e-18
769,Mackey,0,0.0,0.0,1.7191547804409983e-18
770,Green,0,0.0,0.0,1.7191547804409983e-18
771,Brown,0,0.0,0.0,1.7191547804409983e-18
772,Hellings,0,0.0,0.0,1.7191547804409983e-18
773,Levegh,0,0.0,0.0,1.7191547804409983e-18
786,Fagioli,0,0.0,0.0,1.7191547804409983e-18
774,Chaboud,0,0.0,0.0,1.7191547804409983e-18
775,Gordini,0,0.0,0.0,1.7191547804409983e-18
759,Flinterman,0,0.0,0.0,1.7191547804409983e-18
758,van der Lof,0,0.0,0.0,1.7191547804409983e-18
757,Peters,0,0.0,0.0,1.7191547804409983e-18
747,Murray,0,0.0,0.0,1.7191547804409983e-18
741,Étancelin,0,0.0,0.0,1.7191547804409983e-18
740,Comotti,0,0.0,0.0,1.7191547804409983e-18
742,Poore,0,0.0,0.0,1.7191547804409983e-18
743,Thompson,0,0.0,0.0,1.7191547804409983e-18
744,Downing,0,0.0,0.0,1.7191547804409983e-18
745,Whitehead,0,0.0,0.0,1.7191547804409983e-18
746,Bianco,0,0.0,0.0,1.7191547804409983e-18
748,Cantoni,0,0.0,0.0,1.7191547804409983e-18
756,Pietsch,0,0.0,0.0,1.7191547804409983e-18
749,Aston,0,0.0,0.0,1.7191547804409983e-18
751,Riess,0,0.0,0.0,1.7191547804409983e-18
752,Niedermayr,0,0.0,0.0,1.7191547804409983e-18
753,Klenk,0,0.0,0.0,1.7191547804409983e-18
750,Brudes,0,0.0,0.0,1.7191547804409983e-18
754,Balsa,0,0.0,0.0,1.7191547804409983e-18
755,Schoeller,0,0.0,0.0,1.7191547804409983e-18
531,Foyt,0,0.0,0.0,1.7191547804409983e-18
431,Barth,0,0.0,0.0,1.7191547804409983e-18
529,Bettenhausen,0,0.0,0.0,1.7191547804409983e-18
300,Nicholson,0,0.0,0.0,1.7191547804409983e-18
302,Crawford,0,0.0,0.0,1.7191547804409983e-18
303,Vonlanthen,0,0.0,0.0,1.7191547804409983e-18
304,Hulme,0,0.0,0.0,1.7191547804409983e-18
305,Hailwood,0,0.0,0.0,1.7191547804409983e-18
306,Beltoise,0,0.0,0.0,1.7191547804409983e-18
307,Ganley,0,0.0,0.0,1.7191547804409983e-18
308,Robarts,0,0.0,0.0,1.7191547804409983e-18
309,Revson,0,0.0,0.0,1.7191547804409983e-18
310,Driver,0,0.0,0.0,1.7191547804409983e-18
311,Belsø,0,0.0,0.0,1.7191547804409983e-18
312,Redman,0,0.0,0.0,1.7191547804409983e-18
314,Schenken,0,0.0,0.0,1.7191547804409983e-18
313,von Opel,0,0.0,0.0,1.7191547804409983e-18
315,Larrousse,0,0.0,0.0,1.7191547804409983e-18
316,Kinnunen,0,0.0,0.0,1.7191547804409983e-18
317,Wisell,0,0.0,0.0,1.7191547804409983e-18
318,Roos,0,0.0,0.0,1.7191547804409983e-18
301,Morgan,0,0.0,0.0,1.7191547804409983e-18
299,Fushida,0,0.0,0.0,1.7191547804409983e-18
320,Gethin,0,0.0,0.0,1.7191547804409983e-18
298,van Lennep,0,0.0,0.0,1.7191547804409983e-18
281,Nelleman,0,0.0,0.0,1.7191547804409983e-18
282,Magee,0,0.0,0.0,1.7191547804409983e-18
283,Wilds,0,0.0,0.0,1.7191547804409983e-18
284,Pesenti-Rossi,0,0.0,0.0,1.7191547804409983e-18
285,Stuppacher,0,0.0,0.0,1.7191547804409983e-18
286,Brown,0,0.0,0.0,1.7191547804409983e-18
287,Hasemi,0,0.0,0.0,1.7191547804409983e-18
288,Donohue,0,0.0,0.0,1.7191547804409983e-18
289,Hill,0,0.0,0.0,1.7191547804409983e-18
290,Fittipaldi,0,0.0,0.0,1.7191547804409983e-18
291,Tunmer,0,0.0,0.0,1.7191547804409983e-18
292,Keizan,0,0.0,0.0,1.7191547804409983e-18
293,Charlton,0,0.0,0.0,1.7191547804409983e-18
294,Brise,0,0.0,0.0,1.7191547804409983e-18
295,Wunderink,0,0.0,0.0,1.7191547804409983e-18
296,Migault,0,0.0,0.0,1.7191547804409983e-18
297,Palm,0,0.0,0.0,1.7191547804409983e-18
319,Dolhem,0,0.0,0.0,1.7191547804409983e-18
321,Bell,0,0.0,0.0,1.7191547804409983e-18
528,Freeland,0,0.0,0.0,1.7191547804409983e-18
342,Barber,0,0.0,0.0,1.7191547804409983e-18
344,Posey,0,0.0,0.0,1.7191547804409983e-18
345,Rodríguez,0,0.0,0.0,1.7191547804409983e-18
346,Siffert,0,0.0,0.0,1.7191547804409983e-18
347,Bonnier,0,0.0,0.0,1.7191547804409983e-18
348,Mazet,0,0.0,0.0,1.7191547804409983e-18
349,Jean,0,0.0,0.0,1.7191547804409983e-18
350,Elford,0,0.0,0.0,1.7191547804409983e-18
351,Moser,0,0.0,0.0,1.7191547804409983e-18
352,Eaton,0,0.0,0.0,1.7191547804409983e-18
353,Lovely,0,0.0,0.0,1.7191547804409983e-18
354,Craft,0,0.0,0.0,1.7191547804409983e-18
355,Cannon,0,0.0,0.0,1.7191547804409983e-18
356,Brabham,0,0.0,0.0,1.7191547804409983e-18
357,Miles,0,0.0,0.0,1.7191547804409983e-18
362,de Klerk,0,0.0,0.0,1.7191547804409983e-18
358,Rindt,0,0.0,0.0,1.7191547804409983e-18
359,Servoz-Gavin,0,0.0,0.0,1.7191547804409983e-18
343,Brack,0,0.0,0.0,1.7191547804409983e-18
341,Surtees,0,0.0,0.0,1.7191547804409983e-18
322,Hobbs,0,0.0,0.0,1.7191547804409983e-18
340,Love,0,0.0,0.0,1.7191547804409983e-18
323,Quester,0,0.0,0.0,1.7191547804409983e-18
324,Koinigg,0,0.0,0.0,1.7191547804409983e-18
325,Facetti,0,0.0,0.0,1.7191547804409983e-18
326,Wietzes,0,0.0,0.0,1.7191547804409983e-18
327,Cevert,0,0.0,0.0,1.7191547804409983e-18
328,Stewart,0,0.0,0.0,1.7191547804409983e-18
329,Beuttler,0,0.0,0.0,1.7191547804409983e-18
330,Galli,0,0.0,0.0,1.7191547804409983e-18
331,Bueno,0,0.0,0.0,1.7191547804409983e-18
332,Follmer,0,0.0,0.0,1.7191547804409983e-18
333,de Adamich,0,0.0,0.0,1.7191547804409983e-18
334,Pretorius,0,0.0,0.0,1.7191547804409983e-18
335,Williamson,0,0.0,0.0,1.7191547804409983e-18
336,McRae,0,0.0,0.0,1.7191547804409983e-18
337,Marko,0,0.0,0.0,1.7191547804409983e-18
338,Walker,0,0.0,0.0,1.7191547804409983e-18
339,Soler-Roig,0,0.0,0.0,1.7191547804409983e-18
280,Pescarolo,0,0.0,0.0,1.7191547804409983e-18
279,Zapico,0,0.0,0.0,1.7191547804409983e-18
278,Amon,0,0.0,0.0,1.7191547804409983e-18
217,Zunino,0,0.0,0.0,1.7191547804409983e-18
219,Jabouille,0,0.0,0.0,1.7191547804409983e-18
220,Francia,0,0.0,0.0,1.7191547804409983e-18
221,Depailler,0,0.0,0.0,1.7191547804409983e-18
222,Scheckter,0,0.0,0.0,1.7191547804409983e-18
223,Regazzoni,0,0.0,0.0,1.7191547804409983e-18
224,Fittipaldi,0,0.0,0.0,1.7191547804409983e-18
225,Kennedy,0,0.0,0.0,1.7191547804409983e-18
226,South,0,0.0,0.0,1.7191547804409983e-18
227,Needell,0,0.0,0.0,1.7191547804409983e-18
228,Wilson,0,0.0,0.0,1.7191547804409983e-18
229,Ertl,0,0.0,0.0,1.7191547804409983e-18
230,Brambilla,0,0.0,0.0,1.7191547804409983e-18
231,Hunt,0,0.0,0.0,1.7191547804409983e-18
232,Merzario,0,0.0,0.0,1.7191547804409983e-18
233,Stuck,0,0.0,0.0,1.7191547804409983e-18
234,Brancatelli,0,0.0,0.0,1.7191547804409983e-18
235,Ickx,0,0.0,0.0,1.7191547804409983e-18
218,Londoño,0,0.0,0.0,1.7191547804409983e-18
216,Stohr,0,0.0,0.0,1.7191547804409983e-18
277,Leclère,0,0.0,0.0,1.7191547804409983e-18
212,Rebaque,0,0.0,0.0,1.7191547804409983e-18
43,da Matta,0,0.0,0.0,1.7191547804409983e-18
69,Badoer,0,0.0,0.0,1.7191547804409983e-18
76,Magnussen,0,0.0,0.0,1.7191547804409983e-18
88,Suzuki,0,0.0,0.0,1.7191547804409983e-18
93,Schiattarella,0,0.0,0.0,1.7191547804409983e-18
98,Délétraz,0,0.0,0.0,1.7191547804409983e-18
103,Bernard,0,0.0,0.0,1.7191547804409983e-18
152,Giacomelli,0,0.0,0.0,1.7191547804409983e-18
153,Alguersuari,0,0.0,0.0,1.7191547804409983e-18
155,Kobayashi,0,0.0,0.0,1.7191547804409983e-18
158,Cheever,0,0.0,0.0,1.7191547804409983e-18
161,Weidler,0,0.0,0.0,1.7191547804409983e-18
165,Larrauri,0,0.0,0.0,1.7191547804409983e-18
173,de Angelis,0,0.0,0.0,1.7191547804409983e-18
177,Rosberg,0,0.0,0.0,1.7191547804409983e-18
178,Jones,0,0.0,0.0,1.7191547804409983e-18
192,Serra,0,0.0,0.0,1.7191547804409983e-18
236,Gaillard,0,0.0,0.0,1.7191547804409983e-18
237,Ribeiro,0,0.0,0.0,1.7191547804409983e-18
238,Peterson,0,0.0,0.0,1.7191547804409983e-18
239,Lunger,0,0.0,0.0,1.7191547804409983e-18
260,Andersson,0,0.0,0.0,1.7191547804409983e-18
261,de Dryver,0,0.0,0.0,1.7191547804409983e-18
262,Oliver,0,0.0,0.0,1.7191547804409983e-18
263,Kozarowitzky,0,0.0,0.0,1.7191547804409983e-18
267,Schuppan,0,0.0,0.0,1.7191547804409983e-18
264,Sutcliffe,0,0.0,0.0,1.7191547804409983e-18
265,Edwards,0,0.0,0.0,1.7191547804409983e-18
266,McGuire,0,0.0,0.0,1.7191547804409983e-18
268,Heyer,0,0.0,0.0,1.7191547804409983e-18
269,Pilette,0,0.0,0.0,1.7191547804409983e-18
270,Ashley,0,0.0,0.0,1.7191547804409983e-18
271,Kessel,0,0.0,0.0,1.7191547804409983e-18
272,Takahashi,0,0.0,0.0,1.7191547804409983e-18
273,Hoshino,0,0.0,0.0,1.7191547804409983e-18
274,Takahara,0,0.0,0.0,1.7191547804409983e-18
275,Lombardi,0,0.0,0.0,1.7191547804409983e-18
276,Evans,0,0.0,0.0,1.7191547804409983e-18
259,Purley,0,0.0,0.0,1.7191547804409983e-18
258,Nève,0,0.0,0.0,1.7191547804409983e-18
257,Lunger,0,0.0,0.0,1.7191547804409983e-18
247,Bleekemolen,0,0.0,0.0,1.7191547804409983e-18
240,Ongais,0,0.0,0.0,1.7191547804409983e-18
241,Leoni,0,0.0,0.0,1.7191547804409983e-18
242,Galica,0,0.0,0.0,1.7191547804409983e-18
243,Stommelen,0,0.0,0.0,1.7191547804409983e-18
244,Colombo,0,0.0,0.0,1.7191547804409983e-18
245,Trimmer,0,0.0,0.0,1.7191547804409983e-18
246,Binder,0,0.0,0.0,1.7191547804409983e-18
248,Franchi,0,0.0,0.0,1.7191547804409983e-18
256,Perkins,0,0.0,0.0,1.7191547804409983e-18
249,Rahal,0,0.0,0.0,1.7191547804409983e-18
250,Pace,0,0.0,0.0,1.7191547804409983e-18
251,Scheckter,0,0.0,0.0,1.7191547804409983e-18
252,Pryce,0,0.0,0.0,1.7191547804409983e-18
253,Hoffmann,0,0.0,0.0,1.7191547804409983e-18
254,Zorzi,0,0.0,0.0,1.7191547804409983e-18
255,Nilsson,0,0.0,0.0,1.7191547804409983e-18
360,McLaren,0,0.0,0.0,1.7191547804409983e-18
361,Courage,0,0.0,0.0,1.7191547804409983e-18
363,Giunti,0,0.0,0.0,1.7191547804409983e-18
468,Penske,0,0.0,0.0,1.7191547804409983e-18
470,Mayer,0,0.0,0.0,1.7191547804409983e-18
471,Johnstone,0,0.0,0.0,1.7191547804409983e-18
472,Harris,0,0.0,0.0,1.7191547804409983e-18
473,Hocking,0,0.0,0.0,1.7191547804409983e-18
474,van der Vyver,0,0.0,0.0,1.7191547804409983e-18
475,Moss,0,0.0,0.0,1.7191547804409983e-18
476,von Trips,0,0.0,0.0,1.7191547804409983e-18
477,Allison,0,0.0,0.0,1.7191547804409983e-18
478,Herrmann,0,0.0,0.0,1.7191547804409983e-18
479,Brooks,0,0.0,0.0,1.7191547804409983e-18
480,May,0,0.0,0.0,1.7191547804409983e-18
481,Taylor,0,0.0,0.0,1.7191547804409983e-18
482,Gendebien,0,0.0,0.0,1.7191547804409983e-18
483,Scarlatti,0,0.0,0.0,1.7191547804409983e-18
485,Bordeu,0,0.0,0.0,1.7191547804409983e-18
484,Naylor,0,0.0,0.0,1.7191547804409983e-18
487,Natili,0,0.0,0.0,1.7191547804409983e-18
469,Schroeder,0,0.0,0.0,1.7191547804409983e-18
467,Prinoth,0,0.0,0.0,1.7191547804409983e-18
447,Starrabba,0,0.0,0.0,1.7191547804409983e-18
466,Walter,0,0.0,0.0,1.7191547804409983e-18
449,Ward,0,0.0,0.0,1.7191547804409983e-18
450,de Vos,0,0.0,0.0,1.7191547804409983e-18
451,Dochnal,0,0.0,0.0,1.7191547804409983e-18
452,Monarch,0,0.0,0.0,1.7191547804409983e-18
453,Lewis,0,0.0,0.0,1.7191547804409983e-18
454,Rodríguez,0,0.0,0.0,1.7191547804409983e-18
455,Seidel,0,0.0,0.0,1.7191547804409983e-18
456,Salvadori,0,0.0,0.0,1.7191547804409983e-18
457,Pon,0,0.0,0.0,1.7191547804409983e-18
458,Slotemaker,0,0.0,0.0,1.7191547804409983e-18
459,Marsh,0,0.0,0.0,1.7191547804409983e-18
460,Ashmore,0,0.0,0.0,1.7191547804409983e-18
461,Schiller,0,0.0,0.0,1.7191547804409983e-18
462,Davis,0,0.0,0.0,1.7191547804409983e-18
463,Chamberlain,0,0.0,0.0,1.7191547804409983e-18
464,Shelly,0,0.0,0.0,1.7191547804409983e-18
465,Greene,0,0.0,0.0,1.7191547804409983e-18
488,Monteverdi,0,0.0,0.0,1.7191547804409983e-18
489,Pirocchi,0,0.0,0.0,1.7191547804409983e-18
490,Duke,0,0.0,0.0,1.7191547804409983e-18
486,Fairman,0,0.0,0.0,1.7191547804409983e-18
511,Branson,0,0.0,0.0,1.7191547804409983e-18
512,Thomson,0,0.0,0.0,1.7191547804409983e-18
513,Johnson,0,0.0,0.0,1.7191547804409983e-18
514,Veith,0,0.0,0.0,1.7191547804409983e-18
515,Tingelstad,0,0.0,0.0,1.7191547804409983e-18
516,Christie,0,0.0,0.0,1.7191547804409983e-18
517,Amick,0,0.0,0.0,1.7191547804409983e-18
518,Carter,0,0.0,0.0,1.7191547804409983e-18
519,Homeier,0,0.0,0.0,1.7191547804409983e-18
520,Hartley,0,0.0,0.0,1.7191547804409983e-18
521,Stevenson,0,0.0,0.0,1.7191547804409983e-18
522,Grim,0,0.0,0.0,1.7191547804409983e-18
523,Templeman,0,0.0,0.0,1.7191547804409983e-18
524,Hurtubise,0,0.0,0.0,1.7191547804409983e-18
525,Bryan,0,0.0,0.0,1.7191547804409983e-18
526,Ruttman,0,0.0,0.0,1.7191547804409983e-18
527,Sachs,0,0.0,0.0,1.7191547804409983e-18
510,Goldsmith,0,0.0,0.0,1.7191547804409983e-18
509,Rathmann,0,0.0,0.0,1.7191547804409983e-18
508,Reventlow,0,0.0,0.0,1.7191547804409983e-18
498,González,0,0.0,0.0,1.7191547804409983e-18
491,Thiele,0,0.0,0.0,1.7191547804409983e-18
492,Boffa,0,0.0,0.0,1.7191547804409983e-18
493,Ryan,0,0.0,0.0,1.7191547804409983e-18
494,Ruby,0,0.0,0.0,1.7191547804409983e-18
495,Miles,0,0.0,0.0,1.7191547804409983e-18
496,Menditeguy,0,0.0,0.0,1.7191547804409983e-18
497,Larreta,0,0.0,0.0,1.7191547804409983e-18
499,Bonomi,0,0.0,0.0,1.7191547804409983e-18
507,Daigh,0,0.0,0.0,1.7191547804409983e-18
500,Munaron,0,0.0,0.0,1.7191547804409983e-18
501,Schell,0,0.0,0.0,1.7191547804409983e-18
502,Stacey,0,0.0,0.0,1.7191547804409983e-18
503,Chimeri,0,0.0,0.0,1.7191547804409983e-18
504,Creus,0,0.0,0.0,1.7191547804409983e-18
505,Bristow,0,0.0,0.0,1.7191547804409983e-18
506,Halford,0,0.0,0.0,1.7191547804409983e-18
448,Broeker,0,0.0,0.0,1.7191547804409983e-18
446,Abate,0,0.0,0.0,1.7191547804409983e-18
364,Gurney,0,0.0,0.0,1.7191547804409983e-18
384,Botha,0,0.0,0.0,1.7191547804409983e-18
386,Ginther,0,0.0,0.0,1.7191547804409983e-18
387,Parkes,0,0.0,0.0,1.7191547804409983e-18
388,Irwin,0,0.0,0.0,1.7191547804409983e-18
389,Ligier,0,0.0,0.0,1.7191547804409983e-18
390,Rees,0,0.0,0.0,1.7191547804409983e-18
391,Hart,0,0.0,0.0,1.7191547804409983e-18
392,Fisher,0,0.0,0.0,1.7191547804409983e-18
393,Jones,0,0.0,0.0,1.7191547804409983e-18
394,Baghetti,0,0.0,0.0,1.7191547804409983e-18
395,Williams,0,0.0,0.0,1.7191547804409983e-18
396,Bondurant,0,0.0,0.0,1.7191547804409983e-18
397,Arundell,0,0.0,0.0,1.7191547804409983e-18
398,Wilson,0,0.0,0.0,1.7191547804409983e-18
399,Taylor,0,0.0,0.0,1.7191547804409983e-18
400,Lawrence,0,0.0,0.0,1.7191547804409983e-18
401,Taylor,0,0.0,0.0,1.7191547804409983e-18
402,Russo,0,0.0,0.0,1.7191547804409983e-18
385,Bandini,0,0.0,0.0,1.7191547804409983e-18
383,Anderson,0,0.0,0.0,1.7191547804409983e-18
445,Seiffert,0,0.0,0.0,1.7191547804409983e-18
382,Solana,0,0.0,0.0,1.7191547804409983e-18
365,Hahne,0,0.0,0.0,1.7191547804409983e-18
366,Hutchison,0,0.0,0.0,1.7191547804409983e-18
367,Westbury,0,0.0,0.0,1.7191547804409983e-18
368,Tingle,0,0.0,0.0,1.7191547804409983e-18
369,van Rooyen,0,0.0,0.0,1.7191547804409983e-18
370,Attwood,0,0.0,0.0,1.7191547804409983e-18
371,Pease,0,0.0,0.0,1.7191547804409983e-18
372,Cordts,0,0.0,0.0,1.7191547804409983e-18
373,Clark,0,0.0,0.0,1.7191547804409983e-18
374,Spence,0,0.0,0.0,1.7191547804409983e-18
375,Scarfiotti,0,0.0,0.0,1.7191547804409983e-18
376,Bianchi,0,0.0,0.0,1.7191547804409983e-18
377,Schlesser,0,0.0,0.0,1.7191547804409983e-18
378,Widdows,0,0.0,0.0,1.7191547804409983e-18
379,Ahrens,0,0.0,0.0,1.7191547804409983e-18
380,Gardner,0,0.0,0.0,1.7191547804409983e-18
381,Unser,0,0.0,0.0,1.7191547804409983e-18
403,Hill,0,0.0,0.0,1.7191547804409983e-18
404,Ireland,0,0.0,0.0,1.7191547804409983e-18
405,Bucknum,0,0.0,0.0,1.7191547804409983e-18
406,Hawkins,0,0.0,0.0,1.7191547804409983e-18
427,Trintignant,0,0.0,0.0,1.7191547804409983e-18
428,Collomb,0,0.0,0.0,1.7191547804409983e-18
429,Pilette,0,0.0,0.0,1.7191547804409983e-18
430,de Beaufort,0,0.0,0.0,1.7191547804409983e-18
432,Cabral,0,0.0,0.0,1.7191547804409983e-18
433,Hansgen,0,0.0,0.0,1.7191547804409983e-18
434,Sharp,0,0.0,0.0,1.7191547804409983e-18
435,Mairesse,0,0.0,0.0,1.7191547804409983e-18
440,Hall,0,0.0,0.0,1.7191547804409983e-18
436,Campbell-Jones,0,0.0,0.0,1.7191547804409983e-18
437,Burgess,0,0.0,0.0,1.7191547804409983e-18
438,Settember,0,0.0,0.0,1.7191547804409983e-18
439,Estéfano,0,0.0,0.0,1.7191547804409983e-18
441,Parnell,0,0.0,0.0,1.7191547804409983e-18
442,Kuhnke,0,0.0,0.0,1.7191547804409983e-18
443,Brambilla,0,0.0,0.0,1.7191547804409983e-18
444,Lippi,0,0.0,0.0,1.7191547804409983e-18
426,Bassi,0,0.0,0.0,1.7191547804409983e-18
425,Vaccarella,0,0.0,0.0,1.7191547804409983e-18
424,Bussinello,0,0.0,0.0,1.7191547804409983e-18
414,Puzey,0,0.0,0.0,1.7191547804409983e-18
408,Maggs,0,0.0,0.0,1.7191547804409983e-18
407,Prophet,0,0.0,0.0,1.7191547804409983e-18
409,Blokdyk,0,0.0,0.0,1.7191547804409983e-18
410,Lederle,0,0.0,0.0,1.7191547804409983e-18
411,Serrurier,0,0.0,0.0,1.7191547804409983e-18
412,Niemann,0,0.0,0.0,1.7191547804409983e-18
413,Pieterse,0,0.0,0.0,1.7191547804409983e-18
415,Reed,0,0.0,0.0,1.7191547804409983e-18
423,Mitter,0,0.0,0.0,1.7191547804409983e-18
416,Clapham,0,0.0,0.0,1.7191547804409983e-18
417,Blignaut,0,0.0,0.0,1.7191547804409983e-18
418,Gregory,0,0.0,0.0,1.7191547804409983e-18
420,Raby,0,0.0,0.0,1.7191547804409983e-18
419,Rhodes,0,0.0,0.0,1.7191547804409983e-18
421,Rollinson,0,0.0,0.0,1.7191547804409983e-18
422,Gubby,0,0.0,0.0,1.7191547804409983e-18
862,Doohan,0,0.0,0.0,1.7191547804409983e-18
